Number,Time
250000,148.0556008
500000,399.12050680000004
999998,766.6813119000001
1999996,1694.0602662000001
3999992,3377.4964902
999998,582.9521093000001
1999996,1168.4754037999999
3999992,2680.6654851
