Number,Time
250000,165.6042483
500000,320.4531857
