Number,Time
250000,569.8426525
500000,1167.9579108
