Number,Time
250000,541.6773006000001
500000,1197.7820672
999998,2373.9249881
1999996,4003.8993975
3999992,8155.2798612
