Number,Time
250000,357.8936346
500000,638.7298908
999998,1195.6719911
1999996,2621.3207231
3999992,5536.0307698999995
