Number,Time
250000,820.5633518000001
500000,1544.8019517999999
