Number,Time
250000,286.70655550000004
500000,612.7723399
