Number,Time
250000,345.13770020000004
500000,705.6172426
999998,1354.8791976
1999996,3144.8453256000003
3999992,5945.8864838
999998,1313.9945261
