Number,Time
250000,338.1611641
500000,721.7173219
999998,1442.8099609
1999996,2968.6888524
3999992,5959.9492611000005
