Number,Time
250000,1909.9949680999998
500000,4109.9200806
999998,7708.747565399999
1999996,13300.7101993
3999992,26590.275485000002
