Number,Time
250000,1459.8380718
500000,2999.7325418
999998,6118.0436003
1999996,11763.381255
3999992,20849.583579799997
