Number,Time
250000,848.0382301
500000,1620.9846691
999998,3269.9642818
1999996,5644.8812714
3999992,12079.1261085
