Number,Time
250000,2007.8596942
500000,3293.1738897000005
999998,6514.9796138
1999996,13300.560986600001
3999992,22036.2822123
