Number,Time
250000,916.5660197
500000,1840.1371063
999998,3768.4505078
1999996,6359.6511448
3999992,12942.6879616
